Team,Year,POS,M,W,D,L,G,GA,PTS,xG,NPxG,xGA,NPxGA,NPxGD,PPDA,OPPDA,DC,ODC,xPTS,G-xG,GA-xGA,PTS-xPTS,G/xG,GA/xGA,PTS/xPTS,Shots pg,Possession,Pass,AerialsWon,Tackles pg,Interceptions pg,Fouls pg,Offsides pg,Shots OT pg,Dribbles pg,Offensive Fouled pg,Rating,NextYear
Manchester City,2020,1,38,27,5,6,83,32,86,77.72,70.86,30.61,22.82,48.05,10.11,20.39,405,150,83.38,5.280000000000001,1.3900000000000006,2.6200000000000045,1.0679361811631498,1.045409996733094,1.0314224034540658,15.8,60.8,89.4,12.8,13.1,8.4,9.5,1.5,5.7,12.8,9.8,7.01,1
Manchester United,2020,2,38,21,11,6,73,44,74,63.17,54.8,41.92,38.87,15.93,10.95,12.46,339,186,65.64,9.829999999999998,2.0799999999999983,8.36,1.1556118410637959,1.049618320610687,1.1273613650213286,13.8,54.5,84.8,14.5,14.5,10.2,11.9,2.0,5.6,10.9,10.5,6.85,1
Liverpool,2020,3,38,20,9,9,68,42,69,72.21,67.64,47.3,41.22,26.43,9.13,18.57,458,144,68.8,-4.209999999999994,-5.299999999999997,0.20000000000000284,0.9416978257859024,0.8879492600422834,1.002906976744186,16.0,59.0,85.7,14.3,13.8,9.1,10.4,1.7,5.6,10.7,8.3,6.82,0
Chelsea,2020,4,38,19,10,9,58,36,67,68.66,61.04,30.9,27.86,33.18,9.19,16.5,337,179,77.41,-10.659999999999997,5.100000000000001,-10.409999999999997,0.8447422079813575,1.1650485436893203,0.8655212504844336,14.6,58.6,87.0,15.2,16.1,10.1,11.4,2.1,5.5,9.4,9.6,6.83,1
Leicester,2020,5,38,20,6,12,68,50,66,58.8,49.67,47.07,44.02,5.65,9.99,13.5,237,209,59.75,9.200000000000003,2.93,6.25,1.1564625850340136,1.0622477161674102,1.104602510460251,12.8,53.2,82.1,16.2,17.9,11.5,10.9,1.9,4.9,9.4,11.1,6.8,1
West Ham,2020,6,38,19,8,11,62,47,65,60.34,57.13,49.86,46.06,11.08,16.45,11.08,172,286,59.18,1.6599999999999966,-2.8599999999999994,5.82,1.0275107722903547,0.9426393902928198,1.098344035147009,12.3,44.5,77.8,19.9,13.5,11.5,9.9,1.9,4.3,7.8,9.3,6.77,1
Tottenham,2020,7,38,18,8,12,68,45,62,56.68,52.87,52.55,44.94,7.93,11.27,11.52,193,293,53.98,11.32,-7.549999999999998,8.020000000000003,1.1997177134791814,0.8563273073263559,1.148573545757688,11.7,51.3,81.8,16.4,16.7,9.0,11.6,1.2,4.6,10.6,12.3,6.81,0
Arsenal,2020,8,38,18,7,13,55,39,61,52.25,47.68,43.23,40.95,6.73,13.64,16.28,292,203,58.72,2.75,-4.229999999999997,2.2800000000000007,1.0526315789473684,0.9021512838306732,1.0388283378746594,12.1,52.7,85.0,13.5,12.0,9.2,9.1,1.6,4.0,7.8,10.5,6.69,1
Leeds,2020,9,38,18,5,15,62,54,59,59.26,56.21,63.02,56.01,0.2,7.17,12.27,305,283,51.81,2.740000000000002,-9.020000000000003,7.189999999999998,1.0462369220384746,0.8568708346556648,1.138776298011967,13.7,55.1,80.8,14.5,19.5,10.4,11.4,2.0,5.2,8.4,10.8,6.77,1
Everton,2020,10,38,17,8,13,47,48,59,49.24,45.42,50.16,47.12,-1.7,14.21,11.82,207,270,50.72,-2.240000000000002,-2.1599999999999966,8.280000000000001,0.9545085296506904,0.9569377990430624,1.163249211356467,10.5,47.3,81.4,17.7,16.8,10.3,10.2,1.7,3.9,9.5,10.3,6.73,1
Aston Villa,2020,11,38,16,7,15,55,46,55,56.72,52.15,53.25,48.69,3.46,10.84,9.26,274,312,54.06,-1.7199999999999989,-7.25,0.9399999999999976,0.9696755994358252,0.863849765258216,1.0173880873103958,13.7,49.1,78.6,19.4,13.9,10.2,11.6,1.9,4.9,9.7,14.6,6.84,1
Newcastle United,2020,12,38,12,9,17,46,62,45,43.96,38.46,60.02,56.22,-17.76,18.0,8.27,138,322,42.65,2.039999999999999,1.9799999999999969,2.3500000000000014,1.046405823475887,1.0329890036654448,1.0550996483001174,10.4,41.6,76.0,17.1,13.5,9.5,10.2,1.5,3.7,9.2,11.1,6.62,1
Wolverhampton Wanderers,2020,13,38,12,9,17,36,52,45,38.62,35.57,52.19,46.1,-10.53,14.12,11.51,139,270,44.26,-2.619999999999997,-0.18999999999999773,0.7400000000000021,0.9321595028482652,0.9963594558344512,1.016719385449616,12.2,49.7,83.2,15.3,15.5,11.4,11.2,1.0,4.1,12.3,10.1,6.67,0
Crystal Palace,2020,14,38,12,8,18,41,66,44,35.29,32.24,61.9,58.86,-26.62,16.14,7.6,201,272,37.95,5.710000000000001,4.100000000000001,6.049999999999998,1.1618022102578631,1.0662358642972536,1.1594202898550725,9.2,42.9,76.1,18.3,16.8,10.4,10.8,1.8,3.5,9.6,11.5,6.61,1
Southampton,2020,15,38,12,7,19,47,68,43,45.28,40.72,58.55,51.7,-10.98,9.73,10.47,222,275,44.17,1.7199999999999989,9.450000000000003,-1.1700000000000017,1.0379858657243817,1.1614005123825792,0.9735114330993888,11.2,51.4,79.3,14.1,19.1,10.6,11.3,2.0,4.4,9.0,11.1,6.62,0
Brighton,2020,16,38,9,14,15,40,46,41,53.82,46.97,39.91,34.58,12.39,10.31,13.63,311,208,61.41,-13.82,6.0900000000000025,-20.41,0.7432181345224823,1.1525933350037585,0.6676437062367693,12.8,50.7,81.3,14.2,16.5,11.2,11.3,1.4,3.8,9.2,9.4,6.65,0
Burnley,2020,17,38,10,9,19,33,55,39,38.13,35.84,59.06,56.77,-20.93,13.16,9.72,233,332,38.1,-5.130000000000003,-4.060000000000001,0.8999999999999986,0.8654602675059008,0.93125634947511,1.0236220472440944,10.1,43.5,71.6,23.4,13.3,10.9,10.1,2.1,3.4,6.2,10.2,6.64,0
Fulham,2020,18,38,5,13,20,27,53,28,41.06,36.49,57.64,52.31,-15.82,12.16,10.38,224,227,42.42,-14.060000000000002,-4.6400000000000015,-14.420000000000002,0.6575742815392108,0.919500346981263,0.6600660066006601,11.6,50.0,81.2,17.2,15.8,11.5,12.7,1.1,3.6,13.3,9.8,6.63,1
West Bromwich Albion,2020,19,38,5,11,22,35,76,26,34.97,31.93,74.04,65.67,-33.74,15.99,7.99,164,343,29.59,0.030000000000001137,1.9599999999999935,-3.59,1.0008578781812982,1.0264721772015126,0.8786752281176073,8.9,41.0,72.2,19.1,15.3,11.4,10.6,2.0,2.9,6.9,10.8,6.51,1
Sheffield United,2020,20,38,7,2,29,20,63,23,33.16,30.11,66.11,63.06,-32.95,14.1,11.49,198,285,29.92,-13.159999999999995,-3.1099999999999994,-6.920000000000003,0.6031363088057902,0.9529571925578582,0.7687165775401069,8.5,43.0,76.9,19.1,16.7,9.2,12.1,1.9,2.6,7.1,7.7,6.46,0
Liverpool,2019,1,38,32,3,3,85,33,99,75.19,71.39,39.57,38.81,32.58,8.01,21.33,429,145,74.28,9.810000000000002,-6.57,24.72,1.1304694773241122,0.8339651250947687,1.332794830371567,15.6,59.6,84.3,17.6,14.5,9.3,8.7,1.4,6.1,10.2,7.7,6.94,1
Manchester City,2019,2,38,26,3,9,102,35,81,102.21,93.53,37.0,34.71,58.82,8.49,23.77,547,135,86.76,-0.20999999999999372,-2.0,-5.760000000000005,0.9979454065159964,0.945945945945946,0.9336099585062242,19.6,62.6,89.3,13.6,13.5,9.3,9.5,1.8,7.0,12.8,7.8,7.05,0
Manchester United,2019,3,38,18,12,8,66,36,66,66.19,55.53,38.06,35.78,19.75,9.64,11.1,290,178,70.99,-0.18999999999999773,-2.0600000000000023,-4.989999999999995,0.997129475751624,0.9458749343142406,0.92970840963516,14.3,54.6,83.6,15.0,15.3,9.9,11.1,1.5,5.7,11.7,11.2,6.83,1
Chelsea,2019,4,38,20,6,12,69,54,66,76.23,70.9,41.09,39.57,31.33,9.01,14.66,326,169,73.49,-7.230000000000004,12.909999999999995,-7.489999999999995,0.905155450609996,1.3141883669992698,0.8980813716151858,16.4,57.9,85.2,18.7,16.8,12.1,10.2,1.7,5.9,12.1,10.1,6.86,0
Leicester,2019,5,38,18,8,12,67,41,62,61.02,55.67,47.89,40.28,15.39,7.95,12.75,293,203,61.16,5.979999999999998,-6.8900000000000015,0.8400000000000034,1.0980006555227793,0.8561286281060764,1.013734466971877,14.2,55.1,82.8,17.8,19.5,11.1,11.0,1.7,5.0,9.9,11.7,6.87,1
Tottenham,2019,6,38,16,11,11,61,47,59,49.02,45.83,54.13,48.8,-2.97,10.94,10.11,224,264,49.26,11.979999999999995,-7.130000000000003,9.740000000000002,1.2443900448796408,0.8682800665065582,1.1977263499796995,11.7,51.5,81.4,17.1,17.5,10.0,11.1,1.7,4.2,11.8,11.2,6.78,0
Wolverhampton Wanderers,2019,7,38,15,14,9,51,40,59,54.22,51.18,37.39,34.96,16.22,13.39,10.29,172,193,63.82,-3.219999999999999,2.6099999999999994,-4.82,0.9406123201770564,1.0698047606311851,0.924475086179881,12.1,48.7,79.2,20.7,17.0,11.5,10.7,1.3,3.9,13.4,9.5,6.83,1
Arsenal,2019,8,38,14,14,10,56,48,56,50.82,48.54,57.25,51.01,-2.47,11.02,11.45,265,253,50.15,5.18,-9.25,5.850000000000001,1.1019283746556474,0.8384279475982532,1.1166500498504486,10.7,52.9,83.6,13.5,15.4,9.2,11.1,1.9,4.0,10.8,11.5,6.71,0
Sheffield United,2019,9,38,14,12,12,39,39,54,45.81,45.05,52.04,49.76,-4.71,13.71,11.35,198,231,49.34,-6.810000000000002,-13.04,4.659999999999997,0.8513425016371969,0.7494235203689471,1.0944466963923791,9.3,44.4,74.4,25.3,16.1,11.0,10.8,2.1,3.0,9.1,8.1,6.72,1
Burnley,2019,10,38,15,9,14,43,50,54,49.35,47.06,53.84,50.02,-2.95,11.89,9.35,145,263,49.54,-6.350000000000001,-3.8400000000000034,4.460000000000001,0.8713272543059777,0.9286775631500742,1.0900282599919258,10.2,43.9,70.0,25.5,14.4,10.2,10.8,2.3,3.5,6.5,9.7,6.74,1
Southampton,2019,11,38,15,7,16,51,60,52,56.5,52.54,56.59,53.55,-1.01,8.26,9.97,230,249,56.87,-5.5,3.4099999999999966,-4.869999999999997,0.9026548672566372,1.0602579961123872,0.9143660981185161,13.1,49.2,73.4,21.7,18.6,11.2,11.8,1.5,4.8,11.1,10.2,6.71,1
Everton,2019,12,38,13,10,15,44,56,49,53.71,52.95,49.21,46.17,6.78,10.17,10.38,203,215,55.78,-9.71,6.789999999999999,-6.780000000000001,0.8192142990132191,1.1379800853485065,0.8784510577267838,12.3,49.0,78.0,23.1,17.6,10.7,12.4,1.5,4.3,9.8,10.4,6.68,0
Newcastle United,2019,13,38,11,11,16,38,58,44,36.49,35.73,67.03,65.51,-29.78,19.0,7.55,132,344,31.92,1.509999999999998,-9.03,12.079999999999998,1.0413812003288572,0.8652842011039833,1.3784461152882206,10.5,41.8,75.3,19.8,15.9,10.3,9.7,2.0,3.5,10.5,11.1,6.65,1
Crystal Palace,2019,14,38,11,10,17,31,50,43,34.45,32.16,57.39,56.63,-24.47,13.0,7.99,225,281,38.26,-3.450000000000003,-7.3900000000000015,4.740000000000002,0.8998548621190129,0.8712319219376198,1.1238891792995296,9.9,46.4,76.5,20.8,18.1,11.7,11.2,1.4,3.2,11.4,12.6,6.68,0
Brighton,2019,15,38,9,14,15,39,54,41,47.42,45.9,60.42,58.89,-12.99,10.36,12.78,242,264,48.02,-8.420000000000002,-6.420000000000003,-7.020000000000002,0.8224377899620413,0.8937437934458788,0.8538109121199499,12.2,51.7,81.0,18.7,16.9,11.0,10.2,1.9,3.8,8.8,8.6,6.63,1
West Ham,2019,16,38,10,9,19,49,62,39,49.07,46.02,68.32,63.76,-17.73,13.22,9.5,217,308,38.75,-0.07000000000000027,-6.319999999999991,0.25,0.9985734664764622,0.9074941451990634,1.0064516129032255,11.0,45.4,76.1,22.9,18.3,11.1,10.2,1.7,4.3,10.4,9.1,6.72,0
Aston Villa,2019,17,38,9,8,21,41,67,35,45.09,42.65,71.6,66.88,-24.23,12.34,7.89,186,343,37.23,-4.090000000000003,-4.599999999999994,-2.229999999999997,0.9092925260589929,0.9357541899441342,0.9401020682245502,12.0,45.7,76.9,19.0,13.8,11.1,11.9,1.6,3.9,9.2,13.8,6.62,1
Bournemouth,2019,18,38,9,7,22,40,65,34,44.67,41.63,63.29,58.73,-17.1,13.38,9.15,210,326,39.2,-4.670000000000002,1.7100000000000009,-5.200000000000003,0.8954555630176853,1.027018486332754,0.8673469387755102,10.2,45.6,75.4,21.1,13.3,12.5,9.7,1.8,3.2,8.6,10.2,6.6,0
Watford,2019,19,38,8,10,20,36,64,34,48.56,42.47,59.53,52.52,-10.05,12.2,9.64,227,259,47.87,-12.560000000000002,4.469999999999999,-13.869999999999996,0.7413509060955519,1.0750881908281538,0.7102569458951327,11.2,44.3,73.5,21.9,17.3,11.2,12.7,1.8,3.2,8.4,9.0,6.59,0
Norwich,2019,20,38,5,6,27,26,75,21,37.23,35.71,71.61,66.13,-30.41,12.59,9.65,207,345,33.12,-11.229999999999995,3.390000000000001,-12.119999999999996,0.6983615363953801,1.0473397570171763,0.6340579710144928,10.8,49.8,80.5,14.1,16.5,10.4,9.6,1.3,3.4,11.2,11.3,6.52,1
Manchester City,2018,1,38,32,2,4,95,23,98,93.72,90.68,25.73,22.69,67.99,8.44,26.31,582,135,90.64,1.2800000000000011,-2.7300000000000004,7.3599999999999985,1.0136577037985488,0.8938981733385153,1.0812003530450132,18.0,64.0,89.0,14.3,13.7,9.5,8.6,2.6,6.8,11.5,7.9,7.09,1
Liverpool,2018,2,38,30,7,1,89,22,97,79.46,74.13,29.15,28.38,45.75,9.99,19.15,431,152,83.45,9.540000000000006,-7.149999999999999,13.549999999999995,1.1200604077523284,0.7547169811320755,1.162372678250449,15.1,58.8,84.4,16.0,16.1,8.3,8.3,2.0,5.9,9.4,9.1,7.01,1
Chelsea,2018,3,38,21,9,8,63,39,72,63.97,60.16,38.11,36.45,23.71,9.79,14.84,376,188,71.45,-0.9699999999999988,0.8900000000000006,0.5499999999999972,0.98483664217602,1.0233534505379165,1.007697690692792,16.0,59.9,87.6,14.0,16.3,9.3,8.9,2.2,5.2,11.8,11.2,6.89,1
Tottenham,2018,4,38,23,2,13,67,39,71,61.75,58.7,49.15,45.34,13.36,9.4,14.45,270,202,61.44,5.25,-10.15,9.560000000000002,1.0850202429149798,0.7934893184130214,1.1555989583333337,14.1,56.7,83.2,16.1,16.5,8.6,9.9,1.9,5.0,9.7,9.6,6.86,0
Arsenal,2018,5,38,21,7,10,73,51,70,64.8,60.99,57.3,51.97,9.02,9.47,12.79,400,253,58.97,8.200000000000003,-6.299999999999998,11.03,1.126543209876543,0.8900523560209425,1.1870442597931152,12.3,56.1,83.3,14.9,16.0,10.8,10.8,2.3,4.5,8.0,12.0,6.79,1
Manchester United,2018,6,38,19,9,10,65,54,66,68.62,59.38,52.3,47.73,11.64,10.49,13.37,313,268,61.86,-3.620000000000005,1.7000000000000028,4.1400000000000015,0.9472457009618188,1.032504780114723,1.066925315227934,13.8,53.3,82.3,18.3,15.3,9.3,11.4,2.4,5.9,8.4,10.4,6.74,0
Wolverhampton Wanderers,2018,7,38,16,9,13,47,46,57,53.06,50.01,42.69,39.65,10.37,13.66,11.72,184,220,59.91,-6.060000000000002,3.3100000000000023,-2.9099999999999966,0.8857896720693554,1.0775357226516749,0.9514271407110666,12.6,47.4,78.2,21.6,18.9,13.2,10.8,1.9,4.0,8.7,8.6,6.75,1
Everton,2018,8,38,15,9,14,54,46,54,53.87,49.92,49.31,45.4,4.53,9.81,10.08,211,210,55.54,0.13000000000000256,-3.3100000000000023,-1.5399999999999991,1.0024132170038984,0.932873656459136,0.9722722362261432,13.1,51.0,77.3,23.5,18.4,11.9,11.4,1.8,4.4,8.7,11.0,6.77,1
Leicester,2018,9,38,15,7,16,51,48,52,52.11,46.79,44.64,40.84,5.95,11.27,10.57,205,253,56.24,-1.1099999999999994,3.3599999999999994,-4.240000000000002,0.978698906160046,1.075268817204301,0.9246088193456614,13.6,50.8,79.2,21.5,17.8,11.5,9.2,1.9,4.8,10.3,9.9,6.78,1
West Ham,2018,10,38,15,7,16,52,55,52,47.96,44.15,65.66,61.86,-17.7,12.2,9.79,261,293,43.72,4.039999999999999,-10.659999999999997,8.280000000000001,1.0842368640533775,0.8376484922327141,1.1893870082342175,11.6,49.0,78.7,16.9,19.0,12.0,8.7,1.9,4.1,10.2,10.2,6.77,1
Watford,2018,11,38,14,8,16,52,59,50,51.73,50.97,63.29,59.49,-8.51,11.36,10.0,275,264,46.0,0.2700000000000031,-4.289999999999999,4.0,1.0052194084670405,0.9322167799020382,1.0869565217391304,11.5,47.4,76.1,20.3,17.3,11.3,11.4,2.3,4.0,7.7,10.1,6.68,1
Crystal Palace,2018,12,38,14,7,17,51,53,49,50.64,42.27,52.8,49.0,-6.73,14.16,8.78,256,261,51.93,0.35999999999999943,0.20000000000000284,-2.93,1.0071090047393365,1.0037878787878791,0.943577893317928,13.0,46.6,76.8,18.1,19.3,11.7,10.2,2.1,3.9,9.9,10.3,6.78,0
Newcastle United,2018,13,38,12,9,17,42,48,45,39.91,37.63,57.55,52.98,-15.35,13.99,9.4,178,305,39.22,2.0900000000000034,-9.549999999999997,5.780000000000001,1.052367827612127,0.8340573414422242,1.147373788883223,11.7,42.9,72.9,21.2,18.8,13.3,11.1,1.6,3.7,6.2,8.7,6.74,0
Bournemouth,2018,14,38,13,6,19,56,70,45,58.81,51.96,62.42,58.62,-6.66,15.34,10.3,280,313,51.49,-2.8100000000000023,7.579999999999997,-6.490000000000002,0.9522190103723857,1.1214354373598203,0.8739561079821324,11.7,47.7,78.1,18.8,13.8,9.8,8.9,1.5,4.3,7.7,11.6,6.68,0
Burnley,2018,15,38,11,7,20,45,68,40,44.74,43.22,66.12,63.84,-20.62,13.58,10.16,193,315,42.0,0.259999999999998,1.8799999999999957,-2.0,1.005811354492624,1.02843315184513,0.9523809523809524,9.5,43.4,70.3,27.6,15.4,9.7,9.5,2.8,3.1,5.4,9.4,6.7,0
Southampton,2018,16,38,9,12,17,45,65,39,49.67,45.87,59.27,56.99,-11.12,11.13,10.09,206,300,45.11,-4.670000000000002,5.729999999999998,-6.1099999999999985,0.905979464465472,1.0966762274337776,0.8645533141210374,12.7,45.4,74.0,20.4,18.4,14.4,11.1,1.6,4.3,7.6,9.0,6.68,1
Brighton,2018,17,38,9,9,20,35,60,36,37.03,32.46,62.46,54.85,-22.39,13.63,10.15,153,321,36.19,-2.0300000000000007,-2.460000000000001,-0.18999999999999773,0.9451795841209828,0.9606147934678194,0.9947499309201436,9.8,44.1,74.8,22.0,17.9,12.2,12.2,2.4,2.8,7.1,7.9,6.61,0
Cardiff,2018,18,38,10,4,24,34,69,34,41.77,38.73,66.5,61.17,-22.45,14.64,5.65,143,357,37.45,-7.770000000000002,2.5,-3.450000000000003,0.8139813263107493,1.0375939849624058,0.9078771695594124,11.0,39.1,63.9,25.8,17.2,13.9,9.8,2.0,3.3,6.8,10.3,6.62,1
Fulham,2018,19,38,7,5,26,34,81,26,42.62,40.34,73.59,68.26,-27.92,13.75,10.98,171,335,33.6,-8.619999999999997,7.4099999999999975,-7.600000000000001,0.7977475363679024,1.10069302894415,0.7738095238095237,11.9,49.2,80.3,19.7,15.7,11.3,11.1,2.4,3.8,9.3,9.0,6.56,1
Huddersfield,2018,20,38,3,7,28,22,76,16,29.0,28.24,67.19,61.1,-32.86,10.93,10.68,133,276,29.61,-7.0,8.810000000000002,-13.61,0.7586206896551724,1.131120702485489,0.5403579871664979,10.6,47.1,75.8,22.6,18.6,14.0,11.1,1.7,3.1,6.1,9.7,6.47,0
Manchester City,2017,1,38,32,4,2,106,27,100,91.43,85.12,24.51,22.99,62.13,6.4,23.28,541,96,91.09,14.569999999999993,2.4899999999999984,8.909999999999998,1.1593568850486708,1.1015911872705018,1.0978153474585577,17.5,66.4,89.0,13.8,14.8,9.1,9.1,1.8,7.0,13.2,9.3,7.15,1
Manchester United,2017,2,38,25,6,7,68,28,81,59.04,56.63,43.54,42.78,13.85,10.25,13.15,319,243,62.33,8.96,-15.54,18.67,1.151761517615176,0.6430868167202572,1.2995347344777797,13.5,53.9,83.6,16.6,14.8,12.7,10.7,2.3,4.7,12.3,11.1,6.98,1
Tottenham,2017,3,38,23,8,7,74,36,77,68.91,66.63,35.86,33.48,33.15,7.58,14.35,339,162,76.02,5.090000000000003,0.14000000000000054,0.980000000000004,1.0738644608910173,1.003904071388734,1.0128913443830572,16.4,58.8,83.8,16.3,16.3,10.0,10.1,2.3,5.7,11.5,10.4,6.95,0
Liverpool,2017,4,38,21,12,5,84,38,75,77.49,75.18,35.75,31.18,44.0,9.55,19.49,436,148,79.38,6.510000000000005,2.25,-4.379999999999996,1.0840108401084012,1.062937062937063,0.944822373393802,16.8,58.0,83.8,15.7,16.8,10.0,9.1,1.8,6.1,11.6,8.0,6.99,1
Chelsea,2017,5,38,21,7,10,62,38,70,59.16,56.88,34.03,32.51,24.36,12.31,12.56,373,220,68.46,2.8400000000000034,3.969999999999999,1.5400000000000065,1.0480054090601758,1.1166617690273288,1.0224948875255624,15.9,54.4,84.3,16.2,16.7,11.1,9.6,2.8,5.8,13.5,10.7,6.94,0
Arsenal,2017,6,38,19,6,13,74,51,63,72.27,68.46,48.75,44.18,24.29,9.13,15.64,488,203,65.9,1.7300000000000042,2.25,-2.9000000000000057,1.0239380102393802,1.0461538461538462,0.9559939301972684,15.6,58.5,84.3,17.0,16.4,11.3,10.1,2.3,6.2,10.1,9.9,6.92,0
Burnley,2017,7,38,14,12,12,36,39,54,32.77,32.77,52.16,48.35,-15.58,13.67,10.26,162,305,41.0,3.229999999999997,-13.159999999999995,13.0,1.098565761367104,0.7476993865030676,1.3170731707317074,9.9,45.1,70.5,25.2,14.0,10.6,9.2,2.6,3.4,5.7,11.1,6.78,1
Everton,2017,8,38,13,10,15,44,58,49,43.71,37.5,55.5,51.69,-14.19,10.24,10.55,185,297,47.0,0.28999999999999915,2.5,2.0,1.0066346373827502,1.045045045045045,1.0425531914893618,9.4,46.7,74.3,20.4,16.9,13.5,12.1,2.2,3.2,6.9,9.6,6.67,0
Leicester,2017,9,38,12,11,15,56,60,47,50.29,45.72,49.36,46.31,-0.59,11.37,9.46,183,268,55.85,5.710000000000001,10.64,-8.850000000000003,1.1135414595346989,1.2155591572123177,0.8415398388540734,11.1,48.3,74.7,20.9,16.6,10.9,9.6,2.4,3.9,11.1,9.4,6.74,1
Newcastle United,2017,10,38,12,8,18,39,47,44,44.63,43.86,52.47,47.75,-3.89,13.38,8.47,171,287,46.24,-5.630000000000003,-5.469999999999999,-2.240000000000002,0.8738516692807528,0.8957499523537259,0.9515570934256056,11.9,43.8,72.3,23.8,16.9,11.6,10.8,1.7,3.9,8.0,9.7,6.72,1
Crystal Palace,2017,11,38,11,11,16,45,55,44,56.75,49.14,53.54,52.01,-2.87,11.69,7.71,247,269,58.03,-11.75,1.4600000000000009,-14.03,0.7929515418502202,1.0272693313410537,0.7582285024987075,12.5,46.9,75.4,20.2,18.0,14.5,11.2,1.5,4.0,12.7,10.6,6.84,1
Bournemouth,2017,12,38,11,11,16,45,61,44,39.99,37.71,64.93,62.65,-24.94,14.03,8.96,245,339,37.64,5.009999999999998,-3.9300000000000064,6.3599999999999985,1.1252813203300824,0.9394732789157554,1.1689691817215728,12.2,48.5,77.0,19.0,13.4,9.7,8.9,1.4,4.2,9.0,10.8,6.65,0
West Ham,2017,13,38,10,12,16,48,68,42,36.8,33.76,58.37,53.71,-19.95,12.39,8.15,173,308,39.26,11.200000000000005,9.630000000000004,2.740000000000002,1.3043478260869563,1.1649820113071785,1.0697911360163015,9.8,46.4,75.5,19.8,16.4,12.8,10.0,2.6,3.5,11.1,11.8,6.72,0
Watford,2017,14,38,11,8,19,44,64,41,45.85,41.13,53.98,49.41,-8.29,10.34,9.93,232,237,46.69,-1.8500000000000012,10.020000000000003,-5.689999999999998,0.9596510359869138,1.185624305298259,0.8781323623902335,11.6,49.3,75.5,22.6,17.6,12.3,11.6,1.9,3.5,8.7,10.0,6.66,1
Brighton,2017,15,38,9,13,16,34,54,40,37.21,31.89,53.08,50.8,-18.91,15.57,11.23,159,291,40.85,-3.2100000000000013,0.9200000000000016,-0.8500000000000014,0.9137328675087342,1.0173323285606632,0.9791921664626684,10.1,45.1,74.9,21.4,15.7,11.9,10.9,2.6,3.1,7.8,7.3,6.69,1
Huddersfield,2017,16,38,9,10,19,28,58,37,32.13,30.61,53.22,48.5,-17.89,12.22,9.99,125,251,36.84,-4.130000000000003,4.780000000000001,0.1599999999999966,0.8714596949891067,1.089815858699737,1.004343105320304,9.5,46.4,74.0,21.2,19.6,13.7,10.4,1.8,2.9,7.3,9.6,6.61,1
Southampton,2017,17,38,7,15,16,37,56,36,41.88,39.6,46.56,45.03,-5.44,9.55,11.45,225,277,48.72,-4.880000000000003,9.439999999999998,-12.72,0.883476599808978,1.2027491408934707,0.7389162561576355,11.8,51.0,77.5,18.5,17.3,12.2,10.9,1.9,3.8,10.0,9.9,6.67,0
Swansea,2017,18,38,8,9,21,28,56,33,29.71,28.95,61.83,57.12,-28.17,14.65,10.91,148,301,32.31,-1.7100000000000009,-5.829999999999997,0.6899999999999977,0.9424436216762032,0.9057092026524342,1.021355617455896,8.9,46.0,78.2,18.5,16.1,10.3,9.9,1.0,2.7,8.4,10.5,6.59,0
Stoke,2017,19,38,7,12,19,35,68,33,36.75,34.47,65.54,61.74,-27.26,13.81,8.11,189,315,36.17,-1.75,2.4599999999999937,-3.1700000000000017,0.9523809523809524,1.0375343301800426,0.9123583079900468,10.1,43.7,71.5,26.0,17.9,12.1,11.5,2.3,3.5,8.6,9.9,6.7,0
West Bromwich Albion,2017,20,38,6,13,19,31,56,31,35.18,34.42,48.99,48.23,-13.81,13.33,8.3,140,263,42.96,-4.18,7.009999999999998,-11.96,0.8811824900511654,1.1430904266176771,0.7216014897579143,9.9,42.8,72.4,21.1,15.9,12.3,11.6,2.1,3.0,8.5,9.1,6.63,0
Chelsea,2016,1,38,30,3,5,85,33,93,61.8,58.61,28.62,27.1,31.51,11.08,11.14,435,150,75.74,23.200000000000006,4.379999999999999,17.260000000000005,1.3754045307443366,1.1530398322851152,1.227884869289675,15.3,54.0,83.9,14.2,17.2,13.6,10.4,1.7,5.4,13.3,12.3,7.05,1
Tottenham,2016,2,38,26,8,4,86,26,86,70.07,63.22,33.78,32.26,30.96,7.4,11.36,300,182,75.37,15.930000000000007,-7.780000000000001,10.629999999999997,1.2273440844869417,0.7696862048549438,1.1410375480960593,17.6,57.4,82.5,15.0,17.4,8.3,11.4,1.9,6.8,11.9,12.0,7.04,1
Manchester City,2016,3,38,23,9,6,80,39,78,79.85,73.0,29.61,25.66,47.34,6.43,14.25,441,131,85.41,0.15000000000000568,9.39,-7.4099999999999975,1.0018785222291795,1.3171225937183384,0.9132420091324202,16.7,60.9,85.5,15.4,16.9,13.1,10.4,2.3,5.7,13.2,11.2,7.01,1
Liverpool,2016,4,38,22,10,6,78,42,76,66.63,60.54,37.65,33.85,26.7,7.23,14.59,446,134,69.83,11.370000000000005,4.350000000000001,6.170000000000003,1.170643854119766,1.1155378486055778,1.0883574394959188,16.8,58.3,82.4,17.3,18.9,10.8,10.4,2.0,6.2,10.9,9.9,6.98,1
Arsenal,2016,5,38,23,6,9,77,44,75,63.58,59.01,47.07,39.46,19.55,8.26,12.54,478,199,62.12,13.420000000000002,-3.0700000000000003,12.880000000000004,1.2110726643598615,0.9347779902273209,1.2073406310367032,14.9,56.5,83.8,16.7,17.7,14.2,10.5,2.5,5.3,12.1,10.2,6.99,0
Manchester United,2016,6,38,18,15,5,54,29,69,57.57,54.53,31.62,27.82,26.71,8.57,12.03,334,177,70.89,-3.5700000000000003,-2.620000000000001,-1.8900000000000008,0.9379885356956748,0.9171410499683744,0.9733389758781209,15.6,55.0,84.2,16.4,18.2,15.3,13.1,2.6,5.5,10.6,11.6,6.99,0
Everton,2016,7,38,17,10,11,62,44,61,49.63,46.59,45.78,41.98,4.61,9.85,10.41,197,261,55.78,12.369999999999996,-1.7800000000000011,5.219999999999999,1.249244408623816,0.9611183923110528,1.0935819290068125,13.2,51.5,79.0,17.5,18.8,12.1,12.1,2.2,5.0,10.6,10.8,6.91,1
Southampton,2016,8,38,12,10,16,41,48,46,49.98,45.42,43.08,36.23,9.18,8.6,11.84,249,256,55.69,-8.979999999999997,4.920000000000002,-9.689999999999998,0.820328131252501,1.1142061281337048,0.8260010773927097,14.5,53.1,80.5,17.1,17.8,13.5,11.3,1.9,4.7,8.4,10.9,6.76,0
Bournemouth,2016,9,38,12,10,16,55,67,46,50.02,42.4,62.99,59.19,-16.78,10.68,9.09,244,321,43.17,4.979999999999997,4.009999999999998,2.8299999999999983,1.0995601759296278,1.0636608985553262,1.065554783414408,11.9,51.3,81.3,14.4,15.9,12.1,9.7,1.4,4.2,11.3,12.6,6.74,1
West Bromwich Albion,2016,10,38,12,9,17,43,51,45,38.21,37.45,47.9,45.62,-8.16,14.71,6.87,133,275,45.59,4.789999999999999,3.1000000000000014,-0.5900000000000034,1.1253598534415077,1.0647181628392484,0.9870585654748848,10.5,40.7,70.4,17.7,15.9,14.1,11.8,1.5,3.2,8.1,8.9,6.69,1
West Ham,2016,11,38,12,9,17,47,64,45,48.25,44.99,59.67,53.58,-8.6,11.03,9.81,166,297,46.04,-1.25,4.329999999999998,-1.0399999999999991,0.9740932642487048,1.0725657784481313,0.9774109470026064,13.1,48.4,78.2,19.1,15.1,16.2,10.7,1.9,3.6,10.7,12.0,6.76,0
Leicester,2016,12,38,12,8,18,48,63,44,44.34,39.66,51.3,48.26,-8.6,11.48,8.47,196,279,48.12,3.6599999999999966,11.700000000000005,-4.119999999999997,1.0825439783491204,1.2280701754385963,0.914380714879468,11.4,43.7,70.1,20.2,17.8,14.1,11.9,1.7,3.8,8.0,8.6,6.71,0
Stoke,2016,13,38,11,11,16,41,56,44,47.87,43.31,48.67,47.15,-3.84,11.49,7.8,217,253,52.29,-6.869999999999997,7.329999999999997,-8.29,0.8564863171088365,1.1506061228682969,0.8414610824249379,11.2,47.2,75.3,21.3,17.5,13.1,11.4,2.2,3.6,9.6,11.4,6.76,0
Crystal Palace,2016,14,38,12,5,21,50,63,41,45.4,40.07,50.03,48.51,-8.43,9.07,7.57,204,297,48.45,4.600000000000001,12.97,-7.450000000000002,1.1013215859030838,1.2592444533280032,0.8462332301341589,11.6,46.7,73.4,22.0,18.4,14.5,12.4,1.4,3.6,10.3,12.2,6.76,1
Swansea,2016,15,38,12,5,21,45,70,41,39.5,37.22,65.13,58.92,-21.71,12.52,10.63,161,308,36.49,5.5,4.8700000000000045,4.509999999999998,1.139240506329114,1.0747735298633505,1.1235955056179774,10.7,48.3,78.9,17.8,16.7,12.0,10.6,1.3,3.8,8.3,11.0,6.68,0
Burnley,2016,16,38,11,7,20,39,55,40,35.59,31.02,55.27,51.25,-20.22,12.13,9.3,174,290,38.36,3.4099999999999966,-0.2700000000000031,1.6400000000000006,1.0958134307389715,0.9951148905373621,1.042752867570386,10.3,42.7,67.8,24.0,16.7,14.1,11.3,2.7,3.2,4.7,10.7,6.72,1
Watford,2016,17,38,11,7,20,40,68,40,36.25,33.97,52.62,49.57,-15.6,10.25,8.71,171,240,40.62,3.75,15.380000000000004,-0.6199999999999974,1.1034482758620692,1.2922843025465602,0.9847365829640572,11.1,47.0,74.0,19.1,16.2,13.5,13.6,1.6,3.8,8.9,10.7,6.65,0
Hull,2016,18,38,9,7,22,37,80,34,33.84,31.56,71.77,61.88,-30.32,14.16,10.15,160,326,30.73,3.1599999999999966,8.230000000000004,3.27,1.0933806146572105,1.1146718684687196,1.1064106736088513,10.4,46.7,77.4,15.5,16.6,14.9,10.6,1.9,3.3,6.9,10.0,6.6,1
Middlesbrough,2016,19,38,5,13,20,27,53,28,30.93,29.41,55.3,51.5,-22.09,10.28,10.05,144,320,37.25,-3.93,-2.299999999999997,-9.25,0.8729388942774006,0.9584086799276672,0.7516778523489933,9.2,47.9,77.3,20.3,19.1,14.4,12.7,1.3,2.6,10.5,10.3,6.74,1
Sunderland,2016,20,38,6,6,26,29,69,24,34.22,30.42,65.66,62.62,-32.2,12.65,7.97,180,334,32.24,-5.219999999999999,3.3400000000000034,-8.240000000000002,0.8474576271186441,1.0508681084374052,0.7444168734491314,10.2,42.8,72.6,16.2,16.6,14.4,11.5,2.1,3.1,8.4,10.2,6.62,0
Leicester,2015,1,38,23,12,3,68,36,81,68.42,58.52,45.02,41.98,16.55,9.57,7.63,217,275,68.94,-0.4200000000000017,-9.020000000000003,12.060000000000002,0.9938614440222155,0.7996446023989338,1.1749347258485638,13.7,44.7,70.5,18.8,22.9,21.6,10.7,1.3,4.7,11.3,9.3,7.06,1
Arsenal,2015,2,38,20,11,7,65,36,71,73.53,72.01,33.86,33.1,38.91,8.35,10.83,467,192,77.01,-8.530000000000001,2.140000000000001,-6.010000000000005,0.8839929280565756,1.0632014176018902,0.9219581872484092,15.1,56.9,84.2,15.2,18.6,19.4,9.2,2.3,5.6,13.0,11.4,7.08,1
Tottenham,2015,3,38,19,13,6,69,35,70,63.42,59.61,37.08,35.56,24.05,6.44,10.88,255,182,69.41,5.579999999999997,-2.0799999999999983,0.5900000000000034,1.0879848628192998,0.9439050701186624,1.0085002161071892,17.3,55.3,80.5,14.3,21.1,17.0,11.9,1.9,6.6,9.5,10.2,7.01,1
Manchester City,2015,4,38,19,9,10,71,41,66,66.2,60.11,37.47,36.71,23.4,7.78,11.42,379,149,70.14,4.799999999999997,3.530000000000001,-4.1400000000000015,1.0725075528700907,1.0942087002935683,0.9409751924721984,16.2,55.2,83.1,15.7,19.2,16.6,10.8,1.7,5.5,12.0,10.1,7.01,0
Manchester United,2015,5,38,19,9,10,49,35,66,45.42,43.14,39.66,38.13,5.01,7.73,11.49,272,198,56.44,3.5799999999999983,-4.659999999999997,9.560000000000002,1.0788199031263759,0.8825012607160868,1.1693834160170091,11.3,55.8,82.3,13.1,20.0,15.6,12.4,2.0,3.8,9.8,9.4,6.83,0
Southampton,2015,6,38,18,9,11,59,41,63,56.2,53.09,44.29,43.53,9.55,9.12,11.14,276,194,61.08,2.799999999999997,-3.2899999999999987,1.9200000000000017,1.0498220640569391,0.9257168661097314,1.031434184675835,13.7,49.3,77.7,19.3,18.8,18.6,11.0,2.6,4.4,7.1,9.6,6.91,1
West Ham,2015,7,38,16,14,8,65,51,62,54.4,51.36,55.48,49.39,1.97,9.31,8.81,212,260,49.8,10.6,-4.479999999999997,12.200000000000005,1.1948529411764706,0.9192501802451334,1.244979919678715,14.7,49.1,77.6,17.7,18.7,17.5,10.1,2.2,4.9,10.4,11.8,6.92,1
Liverpool,2015,8,38,16,12,10,63,50,60,54.37,52.84,37.88,35.53,17.32,7.48,10.85,373,158,63.29,8.630000000000003,12.119999999999996,-3.2899999999999987,1.1587272392863712,1.319957761351637,0.9480170643071576,16.6,55.0,80.2,16.5,22.9,14.5,11.1,2.4,5.3,10.8,9.9,6.91,0
Stoke,2015,9,38,14,9,15,41,55,51,42.63,38.82,54.35,50.54,-11.72,9.94,9.53,179,257,48.3,-1.6300000000000026,0.6499999999999986,2.700000000000003,0.961764015951208,1.0119595216191353,1.0559006211180124,11.0,50.0,79.1,16.4,18.7,15.2,11.0,2.7,3.4,10.6,10.1,6.74,1
Chelsea,2015,10,38,12,14,12,59,53,50,54.48,50.67,44.63,41.58,9.09,8.53,10.08,354,194,59.62,4.520000000000003,8.369999999999997,-9.619999999999996,1.0829662261380324,1.1875420120994846,0.8386447500838645,13.8,54.4,82.5,14.1,20.8,13.6,10.6,2.4,4.6,12.3,12.6,6.87,0
Everton,2015,11,38,11,14,13,59,55,47,53.98,50.18,54.75,50.18,-0.01,11.12,10.0,256,304,52.69,5.020000000000003,0.25,-5.689999999999998,1.0929974064468322,1.0045662100456618,0.8920098690453597,12.9,51.5,81.4,12.9,19.2,13.4,8.3,1.4,4.6,11.7,10.8,6.88,1
Swansea,2015,12,38,12,11,15,42,52,47,39.96,36.15,53.63,52.11,-15.96,9.46,10.77,188,254,42.4,2.039999999999999,-1.6300000000000026,4.600000000000001,1.0510510510510511,0.9696065634905836,1.1084905660377358,11.6,52.0,80.9,13.7,16.8,17.9,10.3,2.2,3.6,7.9,11.9,6.75,0
Watford,2015,13,38,12,9,17,40,50,45,43.2,37.87,51.85,45.74,-7.87,9.39,8.0,193,241,48.25,-3.200000000000003,-1.8500000000000012,-3.25,0.9259259259259258,0.9643201542912246,0.932642487046632,11.7,46.3,72.6,17.4,20.9,20.2,12.1,1.4,3.7,8.7,10.2,6.8,1
West Bromwich Albion,2015,14,38,10,13,15,34,48,43,39.75,35.93,51.94,47.37,-11.44,11.41,7.2,168,256,42.3,-5.75,-3.9399999999999977,0.7000000000000028,0.8553459119496856,0.9241432422025414,1.016548463356974,10.2,42.3,70.0,19.1,16.9,19.0,10.3,1.8,2.8,7.6,10.3,6.72,0
Crystal Palace,2015,15,38,11,9,18,39,51,42,42.51,38.7,52.94,49.89,-11.19,9.03,7.8,161,306,44.89,-3.509999999999998,-1.9399999999999975,-2.890000000000001,0.9174311926605504,0.9633547412164716,0.9356204054355092,12.3,46.8,74.4,17.8,17.1,18.4,12.4,2.1,4.0,10.3,11.3,6.76,0
Bournemouth,2015,16,38,11,9,18,45,67,42,38.71,35.66,53.97,49.4,-13.74,9.03,10.03,199,216,43.77,6.289999999999999,13.03,-1.7700000000000031,1.1624903125807284,1.2414304243098018,0.9595613433858806,12.2,51.0,79.8,15.3,18.6,16.8,9.5,1.7,3.7,10.9,10.4,6.71,1
Sunderland,2015,17,38,9,12,17,48,62,39,40.52,38.23,58.85,52.76,-14.53,11.64,7.68,188,312,40.52,7.479999999999998,3.1499999999999986,-1.5200000000000031,1.1846001974333662,1.0535259133389974,0.9624876604146101,11.6,43.3,71.0,17.3,20.2,14.9,10.6,2.3,3.7,8.0,10.1,6.76,0
Newcastle United,2015,18,38,9,10,19,44,65,37,37.61,35.32,55.42,51.62,-16.3,11.48,7.6,154,294,40.21,6.3900000000000015,9.579999999999998,-3.2100000000000013,1.1699016219090668,1.1728617827499097,0.920169112161154,10.4,47.4,76.6,13.9,20.8,16.9,11.0,1.6,4.0,9.7,9.5,6.73,0
Norwich,2015,19,38,9,7,22,39,67,34,39.19,38.43,58.93,51.32,-12.89,11.82,8.52,182,267,39.18,-0.18999999999999773,8.07,-5.18,0.9951518244450116,1.1369421347361277,0.8677896886166412,11.0,46.5,73.6,17.4,16.0,12.4,11.0,2.4,3.4,8.4,8.1,6.61,1
Aston Villa,2015,20,38,3,8,27,27,76,17,26.53,25.0,59.01,55.2,-30.2,12.2,7.68,136,300,29.81,0.4699999999999989,16.990000000000002,-12.81,1.0177157934413872,1.2879173021521777,0.5702784300570278,10.0,47.3,77.8,19.1,19.2,20.2,11.3,1.1,2.9,11.1,9.6,6.69,0
Chelsea,2014,1,38,26,9,3,73,32,87,68.64,64.74,31.52,29.24,35.5,10.34,11.62,407,171,75.32,4.3599999999999985,0.4800000000000004,11.680000000000007,1.0635198135198136,1.0152284263959392,1.1550716941051515,14.8,54.1,83.2,18.6,20.0,9.7,10.1,2.0,5.5,12.9,11.4,7.06,0
Manchester City,2014,2,38,24,7,7,83,38,79,75.82,69.61,40.5,37.45,32.15,7.57,13.92,575,144,73.1,7.180000000000009,-2.5,5.900000000000006,1.0946979688736482,0.9382716049382716,1.0807113543091655,17.6,57.0,84.6,15.9,19.8,15.0,11.7,2.1,6.0,11.4,7.8,7.07,0
Arsenal,2014,3,38,22,9,7,71,36,75,69.8,64.47,35.72,33.44,31.04,8.2,10.58,398,171,75.17,1.2000000000000028,0.28000000000000114,-0.1700000000000017,1.017191977077364,1.0078387458006721,0.9977384594918184,16.1,55.7,83.8,19.8,19.4,20.2,9.9,1.7,6.0,15.8,11.0,7.15,0
Manchester United,2014,4,38,20,10,8,62,37,70,54.21,50.4,39.84,36.8,13.6,7.13,14.16,267,194,63.03,7.789999999999999,-2.8400000000000034,6.969999999999999,1.143700424275964,0.9287148594377508,1.1105822624147228,13.5,58.8,85.1,15.8,19.4,17.9,11.9,2.3,4.7,9.8,10.4,6.99,0
Tottenham,2014,5,38,19,7,12,58,53,64,52.39,48.43,57.04,51.6,-3.17,7.72,10.74,210,232,48.94,5.6099999999999985,-4.039999999999999,15.060000000000002,1.1070815041038369,0.929172510518934,1.3077237433592157,13.9,55.2,81.2,16.0,21.4,17.8,11.6,2.0,4.5,10.9,10.1,6.89,0
Liverpool,2014,6,38,18,8,12,52,48,62,51.7,47.13,38.25,35.83,11.3,9.76,10.87,306,201,61.17,0.2999999999999972,9.75,0.8299999999999983,1.0058027079303675,1.2549019607843137,1.0135687428478009,15.5,54.3,82.8,14.9,21.0,11.6,10.1,2.0,5.1,11.5,12.3,6.9,0
Southampton,2014,7,38,18,6,14,54,33,60,54.97,52.68,39.11,37.59,15.09,8.9,13.49,270,183,62.82,-0.9699999999999988,-6.1099999999999985,-2.8200000000000003,0.9823540112788794,0.8437739708514447,0.9551098376313276,13.4,51.9,79.7,16.9,21.4,16.5,12.3,2.4,4.4,7.0,10.4,6.91,0
Swansea,2014,8,38,16,8,14,46,49,56,40.9,39.38,55.94,54.42,-15.04,11.79,10.66,156,310,43.32,5.100000000000001,-6.939999999999998,12.68,1.1246943765281174,0.8759385055416518,1.2927054478301017,11.2,50.7,82.1,14.4,16.7,18.2,10.5,2.1,3.9,9.2,12.2,6.86,0
Stoke,2014,9,38,15,9,14,48,45,54,46.26,43.98,47.03,43.22,0.75,9.6,9.53,195,239,51.97,1.740000000000002,-2.0300000000000007,2.0300000000000007,1.0376134889753568,0.9568360620880288,1.039060996728882,13.2,50.2,77.5,24.4,19.3,13.2,12.8,2.0,3.6,9.4,10.8,6.87,0
Crystal Palace,2014,10,38,13,9,16,47,51,48,44.76,40.05,45.48,40.82,-0.77,10.53,6.22,180,258,50.56,2.240000000000002,5.520000000000002,-2.5600000000000023,1.0500446827524577,1.1213720316622693,0.9493670886075948,11.6,42.7,69.4,23.7,20.8,15.8,13.9,2.0,3.7,9.4,11.4,6.83,0
Everton,2014,11,38,12,11,15,48,50,47,44.89,39.56,46.18,43.14,-3.58,9.61,10.91,259,245,50.91,3.1099999999999994,3.82,-3.9099999999999966,1.0692804633548674,1.0827197921178,0.9231978000392852,12.7,53.6,82.5,15.3,17.4,11.7,10.3,2.2,4.4,10.3,11.8,6.82,0
West Ham,2014,12,38,12,11,15,44,47,47,46.69,45.16,57.4,53.44,-8.28,11.21,8.03,217,316,47.22,-2.6899999999999977,-10.4,-0.21999999999999886,0.9423859498822018,0.818815331010453,0.9953409572215164,12.9,46.7,74.6,22.9,17.0,13.3,11.1,2.4,4.0,6.8,11.0,6.85,0
West Bromwich Albion,2014,13,38,11,11,16,38,51,44,38.63,34.82,53.75,48.42,-13.6,12.24,8.76,161,283,44.74,-0.6300000000000026,-2.75,-0.7400000000000021,0.9836914315298991,0.9488372093023256,0.9834599910594546,10.8,44.9,75.0,17.2,18.3,15.5,11.1,1.7,3.5,6.3,10.7,6.77,0
Leicester,2014,14,38,11,8,19,46,55,41,48.21,45.16,56.39,53.35,-8.19,9.99,7.66,191,287,44.64,-2.210000000000001,-1.3900000000000006,-3.640000000000001,0.9541588881974694,0.9753502394041496,0.9184587813620072,12.0,44.8,71.1,23.4,20.8,19.6,12.0,1.6,3.6,9.2,9.2,6.84,0
Newcastle United,2014,15,38,10,9,19,40,63,39,40.22,39.46,51.01,47.97,-8.51,9.77,8.24,175,239,45.63,-0.21999999999999886,11.990000000000002,-6.630000000000003,0.9945300845350572,1.235051950597922,0.8547008547008547,12.3,48.1,76.9,17.7,21.7,16.9,11.4,1.0,3.8,11.7,11.6,6.74,0
Sunderland,2014,16,38,7,17,14,31,53,38,37.45,34.4,51.46,48.42,-14.02,10.26,7.73,153,313,44.18,-6.450000000000002,1.5399999999999991,-6.18,0.8277703604806408,1.0299261562378546,0.8601177003168855,10.7,46.2,76.1,15.3,20.0,15.2,11.6,1.8,3.4,9.0,11.8,6.75,0
Aston Villa,2014,17,38,10,8,20,31,57,38,33.1,32.34,49.71,46.66,-14.32,14.05,10.11,184,237,40.89,-2.1000000000000014,7.289999999999999,-2.890000000000001,0.9365558912386708,1.1466505733252867,0.9293225727561752,11.0,49.1,79.0,18.4,16.4,12.7,10.6,1.9,3.3,7.6,11.1,6.69,0
Hull,2014,18,38,8,11,19,33,51,35,32.79,32.03,46.99,44.7,-12.67,12.52,9.42,139,261,41.32,0.21000000000000085,4.009999999999998,-6.32,1.0064043915827996,1.0853373058097466,0.8470474346563408,11.3,45.5,76.5,21.9,20.1,15.9,11.9,1.9,3.4,6.7,10.6,6.76,0
Burnley,2014,19,38,7,12,19,28,53,33,39.37,37.09,57.89,54.08,-16.99,10.74,9.43,218,258,39.8,-11.369999999999996,-4.8900000000000015,-6.799999999999998,0.7112014224028449,0.9155294524097426,0.8291457286432161,11.3,44.0,70.3,25.1,16.1,14.9,10.7,1.7,3.3,6.4,10.5,6.79,0
Queens Park Rangers,2014,20,38,8,6,24,42,73,30,45.73,41.91,65.26,62.22,-20.31,9.56,7.34,179,298,40.28,-3.729999999999997,7.739999999999995,-10.28,0.9184342882134268,1.1186025130248236,0.7447864945382323,14.1,46.3,70.8,21.7,20.6,14.8,11.8,2.1,3.9,8.1,10.3,6.77,0
